<?xml version="1.0" encoding="UTF-8"?>
<?xml:stylesheet href="\epoc32\tools\cshlpcmp\xsl\CSHproj.xsl" title="CS Help project" type="text/xsl"?>
<!DOCTYPE cshproj SYSTEM "\epoc32\tools\cshlpcmp\dtd\CSHproj.dtd">
 
<cshproj>
    <helpfileUID>0x20001D7F</helpfileUID>   <!-- From help file -->
    <directories>
        <input></input>
        <output></output>
        <working></working>
    </directories>
    <files>
        <source>
            <file>FolderPlay.rtf</file>
        </source>
        <destination>FolderPlay.hlp</destination>
        <customization>custom.xml</customization>
    </files>
</cshproj>
