<?xml version="1.0" encoding="utf-8"?>
<clock name="1256" type="flip">
   <f t="pane" f="background.png"/>
   <f t="hand" f="hand.png"/>
   <f t="num_1" f="1.png"/>
   <f t="num_2" f="2.png"/>
   <f t="num_3" f="3.png"/>
   <f t="num_4" f="4.png"/>
   <f t="num_5" f="5.png"/>
   <f t="num_6" f="6.png"/>
   <f t="num_7" f="7.png"/>
   <f t="num_8" f="8.png"/>
   <f t="num_9" f="9.png"/>
   <f t="num_0" f="0.png"/>
   <f t="preview" f="preview1.png"/>
   <point t="hour_pos" pos="0,2"/>
   <point t="minute_pos" pos="215,2"/>
   <point t="number_1st_pos" pos="0,0"/>
   <point t="number_2nd_pos" pos="55,0"/>
</clock>
