<?xml version="1.0" encoding="utf-8"?>
<!DOCTYPE asptml SYSTEM "/epoc32/tools/cshlpcmp/dtd/asptml.dtd">
<?xml:stylesheet href="/epoc32/tools/cshlpcmp/xsl/asptml.xsl" title="asptml" type="text/xsl"?>
<asptml>
<uid value="0x2002E906"/>
 
<topic>
<category>TweakS</category>
<topictitle>О TweakS</topictitle>
<synonyms>О TweakS</synonyms>
<context contextUID="Main"/>
<index>О TweakS</index>
<p>
<b>TweakS - Tweak your Smart!</b>
<p>TweakS - программа для настройки скрытых параметров смартфона.</p>
<p>Все представленные в плагинах настройки являются настройками самого смартфона, но большинство из них не описаны в документации. 
Программа своим присутствием никак не влияет на работу смартфона. Ей не нужно висеть в трее, так как всеми параметрами заведует сам смартфон! </p>
 
<p>Разработчики:</p>
<p>     Усанов-Корнилов Николай aka Kolay - разработка ядра программы и написание интерфейса.</p>
<p>     Кожевников Андрей aka CODeRUS - идея программы, сбор информации и написание плагинов, а так же побуждение главного разработчика к написанию новых фишек и исправлению ошибок.</p>
 
<p>Официальный сайт: http://www.kolaysoft.ru/</p>
 
<p>Для получения подробной справки выберите в меню список тем и нажмите на интересующий вас пункт.</p>
</p>
</topic>
 
<topic>
<category>TweakS</category>
<topictitle>Начало использования TweakS</topictitle>
<synonyms>Начало использования TweakS</synonyms>
<context contextUID="StartPage"/>
<index>Начало использования TweakS</index>
<p>
Главное меню программы представляет собой список подключенных в данный момент плагинов.
Любой плагин представляет собой набор опций, сгруппированных по смыслу и назначению.
Работать с плагинами нужно из меню управления плагинами (см. Управление плагинами).
После выбора интересующего плагина произойдет чтение настроек и откроется диалог их изменения. При необходимости в систему будут внесены изменения, позволяющие изменять ранее заблокированные настройки. В этом случае программа спросит вашего разрешения на перезагрузку, только после которой установленный плагин станет полнофункциональным.
Приложение TweakS будет постоянно обновляться. Для получения новой версии рекомендуется пользоваться пунктом Обновление из самой программы. Так же вы можете включить автообновление в настройках (см. Настройки приложения).
</p>
</topic>
 
<topic>
<category>TweakS</category>
<topictitle>Работа со списком настроек</topictitle>
<synonyms>Работа со списком настроек</synonyms>
<context contextUID="SettingList"/>
<index>Работа со списком настроек</index>
<p>
После выбора плагина открывается список доступных настроек.
Обратите внимание на то что при использовании программы вам будут доступны только те параметры, что используются у вас в системе. Если у вас отсутствуют какие-либо настройки, указанные в описании к плагину - значит их нет в вашем смартфоне и сделать ничего не получится. Если же вы видите вообще пустой список, значит этот плагин не совместим с вашим смартфоном.
Выбор настройки джойстиком вызывает диалог изменения конкретной настройки, так же работает пункт меню изменить.
 
<p>Достуные опции:</p>
<p>     Инфо о настройке - показывает информацию о выбранной настройке</p>
<p>     Ввести вручную - позволяет ввести значение вручную, в виде текста или цифрового значения.(ВНИМАНИЕ!!! Только для тех, кто знает что делает!)</p>
<p>     Сбросить на стандарт - сбрасывает значение выбранной настройки на значение из прошивки, на случай если после ее изменения что-то перестало работать и вы забыли что было в оригинале.</p>
<p>     Очистить - сбрасывает значение выбранной настройки на пустое значение (0 для чисел, пустая строка для строк)</p>
</p>
</topic>
 
<topic>
<category>TweakS</category>
<topictitle>Управление плагинами</topictitle>
<synonyms>Управление плагинами</synonyms>
<context contextUID="PluginManager"/>
<index>Управление плагинами</index>
<p>
Доступно из главного меню - Настройки -> Управление плагинами
Управление плагинами, позволяет подключать, отключать, удалять плагины. Так же есть возможность устанавливать новые и обновлять плагины через интернет. Действия производятся через меню на левой софт-клавише или нажатием на нужную строчку на сенсорных моделях.
Сохранить загруженные через Управление плагины для установки отдельно нельзя.
</p>
</topic>

<topic>
<category>TweakS</category>
<topictitle>Настройки приложения</topictitle>
<synonyms>Настройки приложения</synonyms>
<context contextUID="ApplicationSettings"/>
<index>Настройки приложения</index>
<p>
В настройках приложения находятся параметры приложения, связаные с получением обновлений через интернет:
<p>     Точка доступа - хранит точку доступа, используемую для подключения к сети. Если при выборе точки нажать отмена, то при подключении программа выдаст запрос на выбор точки доступа.</p>
<p>     Автообновление - содержит статус работы автообновления. Если опция включена, то программа будет подключаться к серверу при каждом запуске и уведомлять вас о наличии новой версии, если таковая существует.</p>
</p>
</topic>

<topic>
<category>TweakS</category>
<topictitle>Часто задаваемые вопросы</topictitle>
<synonyms>Часто задаваемые вопросы</synonyms>
<context contextUID="FAQ"/>
<index>Часто задаваемые вопросы</index>
<p>
Q: Что такое TweakS?
<p>A: Это программа для изменения некоторых параметров системы, которые разработчики сделали или неизменяемыми или не предоставили явной возможности для настройки.</p>
 
<p>Q: Сколько программа есть оперативки? </p>
<p>A: Во время редактирования около 800 КБ. После редактирования настроек и выхода - 0 </p>

<p>Q: Автор, ошибка в программе </p>
<p>A: Ошибка - это когда программа не запускается или вылетает. А за работоспособность тех или иных параметров отвечает только ваш смартфон. Программа лишь помогает изменять настройки. </p>
 
<p>Q: Не работают ... функции </p>
<p>A: За работоспособность тех или иных параметров отвечает только ваш смартфон. Программа лишь помогает изменять настройки. </p>
 
<p>Q: Раз эти твики не везде работают то программа не совсем полезна. </p>
<p>A: У твиков нет свойства *работать*. Твики это значения системных параметров. </p>
  
<p>Q: А вот у меня в плагине ... только ........ и все больше настроек нет, это нормально? </p>
<p>A: Нормально. Программа отображает только те значения, которые есть в системе вашего смартфона. Все без исключения настройки будут, скорее всего, только на сенсорных моделях. </p>
 
<p>Q: Как отменить сделанные изменения? Удаление программы не помогает. </p>
<p>A: Запустить программу и нажать "Сбросить на стандарт" в меню нужного пункта.</p> 
 
<p>Q: В какой файл программа вносит изменения? </p>
<p>A: В файлы настроек телефона, хранящиеся в центральном репозитории (10202be9)</p>
</p>
</topic>
 
<topic>
<category>TweakS</category>
<topictitle>Donate</topictitle>
<synonyms>Donate</synonyms>
<context contextUID="Donate"/>
<index>Donate</index>
<p>
Пожертвования на развитие проекта принимаются.
 
<p>WebMoney:</p>
<p>     WMR R321502538916</p>
<p>     WMZ Z208634876649</p>
<p>     WMU U221598315212</p>
<p>     WME E234802202031</p>
<p>Yandex-Деньги:</p>
<p>     41001686491180</p>
<p>
Деньги пойдут на закупку алкоголя, после распития которого авторов в особенной степени тянет на создание новых плагинов и публикацию неопубликованного.</p>
</p>
</topic>
</asptml>